F	real	000
F	real	001
T	real	002
F	real	003
B	real	004
T	real	005
B	real	006
T	real	007
B	real	008
F	real	009
T	real	010
F	real	011
B	real	012
T	real	013
B	real	014
F	real	015
T	real	016
B	real	017
B	real	018
B	real	019
F	real	020
B	real	021
F	real	022
B	real	023
F	real	024
B	real	025
T	real	026
F	real	027
F	real	028
F	real	029
B	real	030
B	real	031
T	real	032
B	real	033
F	real	034
F	real	035
B	real	036
F	real	037
F	real	038
B	real	039
B	real	040
T	real	041
F	real	042
B	real	043
T	real	044
F	real	045
T	real	046
B	real	047
T	real	048
B	real	049
B	real	050
B	real	051
F	real	052
T	real	053
T	real	054
F	real	055
F	real	056
T	real	057
T	real	058
T	real	059
F	real	060
B	real	061
B	real	062
F	real	063
B	real	064
B	real	065
B	real	066
T	real	067
T	real	068
B	real	069
T	real	070
F	real	071
B	real	072
F	real	073
F	real	074
F	real	075
B	real	076
F	real	077
F	real	078
F	real	079
F	real	080
F	real	081
F	real	082
F	real	083
T	real	084
B	real	085
F	real	086
T	real	087
B	real	088
F	real	089
F	real	090
F	real	091
B	real	092
B	real	093
T	real	094
F	real	095
B	real	096
F	real	097
B	real	098
F	real	099
B	shuf0	0
B	shuf0	1
F	shuf0	2
F	shuf0	3
F	shuf0	4
B	shuf0	5
F	shuf0	6
B	shuf0	7
F	shuf0	8
B	shuf0	9
T	shuf0	10
B	shuf0	11
F	shuf0	12
F	shuf0	13
F	shuf0	14
F	shuf0	15
B	shuf0	16
F	shuf0	17
F	shuf0	18
B	shuf0	19
B	shuf0	20
N	shuf0	21
T	shuf0	22
F	shuf0	23
T	shuf0	24
B	shuf0	25
F	shuf0	26
T	shuf0	27
F	shuf0	28
B	shuf0	29
B	shuf0	30
F	shuf0	31
T	shuf0	32
B	shuf0	33
T	shuf0	34
F	shuf0	35
F	shuf0	36
T	shuf0	37
F	shuf0	38
F	shuf0	39
B	shuf0	40
B	shuf0	41
B	shuf0	42
T	shuf0	43
F	shuf0	44
F	shuf0	45
B	shuf0	46
B	shuf0	47
B	shuf0	48
F	shuf0	49
F	shuf0	50
B	shuf0	51
B	shuf0	52
F	shuf0	53
F	shuf0	54
F	shuf0	55
F	shuf0	56
T	shuf0	57
F	shuf0	58
B	shuf0	59
F	shuf0	60
F	shuf0	61
T	shuf0	62
B	shuf0	63
F	shuf0	64
F	shuf0	65
F	shuf0	66
F	shuf0	67
B	shuf0	68
B	shuf0	69
B	shuf0	70
B	shuf0	71
B	shuf0	72
F	shuf0	73
B	shuf0	74
B	shuf0	75
F	shuf0	76
F	shuf0	77
B	shuf0	78
B	shuf0	79
T	shuf0	80
B	shuf0	81
F	shuf0	82
T	shuf0	83
B	shuf0	84
B	shuf0	85
F	shuf0	86
T	shuf0	87
F	shuf0	88
F	shuf0	89
F	shuf0	90
T	shuf0	91
F	shuf0	92
B	shuf0	93
F	shuf0	94
B	shuf0	95
F	shuf0	96
B	shuf0	97
B	shuf0	98
T	shuf0	99
B	shuf1	0
B	shuf1	1
F	shuf1	2
T	shuf1	3
F	shuf1	4
F	shuf1	5
F	shuf1	6
F	shuf1	7
F	shuf1	8
B	shuf1	9
B	shuf1	10
B	shuf1	11
F	shuf1	12
F	shuf1	13
B	shuf1	14
B	shuf1	15
B	shuf1	16
F	shuf1	17
F	shuf1	18
B	shuf1	19
F	shuf1	20
F	shuf1	21
F	shuf1	22
F	shuf1	23
B	shuf1	24
F	shuf1	25
F	shuf1	26
B	shuf1	27
B	shuf1	28
B	shuf1	29
B	shuf1	30
B	shuf1	31
F	shuf1	32
F	shuf1	33
F	shuf1	34
F	shuf1	35
F	shuf1	36
F	shuf1	37
F	shuf1	38
B	shuf1	39
B	shuf1	40
F	shuf1	41
B	shuf1	42
F	shuf1	43
B	shuf1	44
B	shuf1	45
B	shuf1	46
F	shuf1	47
B	shuf1	48
F	shuf1	49
F	shuf1	50
B	shuf1	51
T	shuf1	52
F	shuf1	53
F	shuf1	54
F	shuf1	55
B	shuf1	56
T	shuf1	57
B	shuf1	58
F	shuf1	59
B	shuf1	60
F	shuf1	61
B	shuf1	62
F	shuf1	63
T	shuf1	64
B	shuf1	65
F	shuf1	66
B	shuf1	67
T	shuf1	68
F	shuf1	69
B	shuf1	70
T	shuf1	71
B	shuf1	72
F	shuf1	73
B	shuf1	74
F	shuf1	75
B	shuf1	76
F	shuf1	77
B	shuf1	78
T	shuf1	79
B	shuf1	80
B	shuf1	81
T	shuf1	82
B	shuf1	83
T	shuf1	84
F	shuf1	85
F	shuf1	86
F	shuf1	87
T	shuf1	88
B	shuf1	89
F	shuf1	90
B	shuf1	91
F	shuf1	92
F	shuf1	93
B	shuf1	94
B	shuf1	95
T	shuf1	96
F	shuf1	97
B	shuf1	98
B	shuf1	99
F	shuf2	0
B	shuf2	1
T	shuf2	2
T	shuf2	3
F	shuf2	4
B	shuf2	5
F	shuf2	6
F	shuf2	7
F	shuf2	8
F	shuf2	9
B	shuf2	10
T	shuf2	11
F	shuf2	12
B	shuf2	13
B	shuf2	14
F	shuf2	15
T	shuf2	16
T	shuf2	17
B	shuf2	18
T	shuf2	19
B	shuf2	20
F	shuf2	21
F	shuf2	22
F	shuf2	23
T	shuf2	24
B	shuf2	25
F	shuf2	26
B	shuf2	27
T	shuf2	28
T	shuf2	29
B	shuf2	30
F	shuf2	31
F	shuf2	32
T	shuf2	33
B	shuf2	34
F	shuf2	35
B	shuf2	36
F	shuf2	37
B	shuf2	38
B	shuf2	39
T	shuf2	40
F	shuf2	41
F	shuf2	42
B	shuf2	43
F	shuf2	44
F	shuf2	45
F	shuf2	46
B	shuf2	47
B	shuf2	48
B	shuf2	49
F	shuf2	50
B	shuf2	51
B	shuf2	52
F	shuf2	53
B	shuf2	54
B	shuf2	55
F	shuf2	56
B	shuf2	57
F	shuf2	58
B	shuf2	59
F	shuf2	60
B	shuf2	61
B	shuf2	62
F	shuf2	63
F	shuf2	64
B	shuf2	65
B	shuf2	66
F	shuf2	67
F	shuf2	68
F	shuf2	69
B	shuf2	70
F	shuf2	71
B	shuf2	72
T	shuf2	73
B	shuf2	74
B	shuf2	75
F	shuf2	76
B	shuf2	77
F	shuf2	78
B	shuf2	79
B	shuf2	80
F	shuf2	81
T	shuf2	82
B	shuf2	83
B	shuf2	84
B	shuf2	85
F	shuf2	86
T	shuf2	87
T	shuf2	88
B	shuf2	89
F	shuf2	90
F	shuf2	91
F	shuf2	92
B	shuf2	93
B	shuf2	94
B	shuf2	95
T	shuf2	96
B	shuf2	97
F	shuf2	98
T	shuf2	99
B	shuf3	0
T	shuf3	1
B	shuf3	2
F	shuf3	3
B	shuf3	4
B	shuf3	5
T	shuf3	6
T	shuf3	7
B	shuf3	8
B	shuf3	9
B	shuf3	10
B	shuf3	11
B	shuf3	12
F	shuf3	13
B	shuf3	14
F	shuf3	15
F	shuf3	16
F	shuf3	17
F	shuf3	18
T	shuf3	19
B	shuf3	20
F	shuf3	21
T	shuf3	22
F	shuf3	23
B	shuf3	24
F	shuf3	25
F	shuf3	26
F	shuf3	27
T	shuf3	28
T	shuf3	29
F	shuf3	30
B	shuf3	31
T	shuf3	32
B	shuf3	33
B	shuf3	34
T	shuf3	35
F	shuf3	36
B	shuf3	37
F	shuf3	38
T	shuf3	39
F	shuf3	40
F	shuf3	41
F	shuf3	42
B	shuf3	43
F	shuf3	44
B	shuf3	45
F	shuf3	46
F	shuf3	47
T	shuf3	48
B	shuf3	49
B	shuf3	50
F	shuf3	51
B	shuf3	52
B	shuf3	53
F	shuf3	54
F	shuf3	55
B	shuf3	56
N	shuf3	57
T	shuf3	58
B	shuf3	59
F	shuf3	60
F	shuf3	61
B	shuf3	62
T	shuf3	63
F	shuf3	64
F	shuf3	65
B	shuf3	66
T	shuf3	67
B	shuf3	68
B	shuf3	69
F	shuf3	70
F	shuf3	71
F	shuf3	72
T	shuf3	73
B	shuf3	74
T	shuf3	75
B	shuf3	76
F	shuf3	77
F	shuf3	78
T	shuf3	79
F	shuf3	80
F	shuf3	81
F	shuf3	82
F	shuf3	83
B	shuf3	84
B	shuf3	85
F	shuf3	86
B	shuf3	87
B	shuf3	88
T	shuf3	89
B	shuf3	90
F	shuf3	91
B	shuf3	92
B	shuf3	93
F	shuf3	94
B	shuf3	95
B	shuf3	96
F	shuf3	97
B	shuf3	98
B	shuf3	99
T	shuf4	0
B	shuf4	1
B	shuf4	2
B	shuf4	3
F	shuf4	4
B	shuf4	5
F	shuf4	6
F	shuf4	7
T	shuf4	8
B	shuf4	9
F	shuf4	10
F	shuf4	11
B	shuf4	12
F	shuf4	13
B	shuf4	14
B	shuf4	15
T	shuf4	16
B	shuf4	17
B	shuf4	18
F	shuf4	19
T	shuf4	20
T	shuf4	21
T	shuf4	22
F	shuf4	23
B	shuf4	24
T	shuf4	25
B	shuf4	26
F	shuf4	27
T	shuf4	28
B	shuf4	29
F	shuf4	30
T	shuf4	31
B	shuf4	32
B	shuf4	33
B	shuf4	34
F	shuf4	35
B	shuf4	36
F	shuf4	37
B	shuf4	38
B	shuf4	39
B	shuf4	40
F	shuf4	41
B	shuf4	42
B	shuf4	43
B	shuf4	44
B	shuf4	45
F	shuf4	46
T	shuf4	47
B	shuf4	48
B	shuf4	49
B	shuf4	50
F	shuf4	51
F	shuf4	52
T	shuf4	53
F	shuf4	54
B	shuf4	55
B	shuf4	56
T	shuf4	57
F	shuf4	58
B	shuf4	59
F	shuf4	60
T	shuf4	61
B	shuf4	62
B	shuf4	63
F	shuf4	64
B	shuf4	65
B	shuf4	66
F	shuf4	67
T	shuf4	68
F	shuf4	69
B	shuf4	70
F	shuf4	71
F	shuf4	72
T	shuf4	73
B	shuf4	74
B	shuf4	75
F	shuf4	76
F	shuf4	77
B	shuf4	78
F	shuf4	79
B	shuf4	80
F	shuf4	81
T	shuf4	82
T	shuf4	83
B	shuf4	84
F	shuf4	85
B	shuf4	86
F	shuf4	87
F	shuf4	88
T	shuf4	89
B	shuf4	90
F	shuf4	91
F	shuf4	92
B	shuf4	93
F	shuf4	94
B	shuf4	95
F	shuf4	96
T	shuf4	97
B	shuf4	98
F	shuf4	99
B	shuf5	0
B	shuf5	1
B	shuf5	2
B	shuf5	3
T	shuf5	4
B	shuf5	5
F	shuf5	6
B	shuf5	7
F	shuf5	8
B	shuf5	9
B	shuf5	10
T	shuf5	11
F	shuf5	12
B	shuf5	13
T	shuf5	14
T	shuf5	15
F	shuf5	16
T	shuf5	17
F	shuf5	18
F	shuf5	19
F	shuf5	20
F	shuf5	21
F	shuf5	22
B	shuf5	23
T	shuf5	24
B	shuf5	25
B	shuf5	26
F	shuf5	27
F	shuf5	28
B	shuf5	29
B	shuf5	30
B	shuf5	31
B	shuf5	32
F	shuf5	33
B	shuf5	34
B	shuf5	35
T	shuf5	36
B	shuf5	37
B	shuf5	38
B	shuf5	39
B	shuf5	40
B	shuf5	41
B	shuf5	42
F	shuf5	43
B	shuf5	44
B	shuf5	45
F	shuf5	46
B	shuf5	47
B	shuf5	48
B	shuf5	49
B	shuf5	50
B	shuf5	51
F	shuf5	52
F	shuf5	53
B	shuf5	54
B	shuf5	55
T	shuf5	56
T	shuf5	57
F	shuf5	58
T	shuf5	59
B	shuf5	60
T	shuf5	61
F	shuf5	62
F	shuf5	63
T	shuf5	64
F	shuf5	65
F	shuf5	66
F	shuf5	67
T	shuf5	68
B	shuf5	69
B	shuf5	70
B	shuf5	71
F	shuf5	72
T	shuf5	73
T	shuf5	74
B	shuf5	75
B	shuf5	76
F	shuf5	77
B	shuf5	78
T	shuf5	79
F	shuf5	80
F	shuf5	81
B	shuf5	82
F	shuf5	83
T	shuf5	84
F	shuf5	85
F	shuf5	86
B	shuf5	87
F	shuf5	88
B	shuf5	89
F	shuf5	90
F	shuf5	91
F	shuf5	92
B	shuf5	93
B	shuf5	94
B	shuf5	95
F	shuf5	96
F	shuf5	97
F	shuf5	98
F	shuf5	99
F	shuf6	0
F	shuf6	1
F	shuf6	2
F	shuf6	3
F	shuf6	4
B	shuf6	5
T	shuf6	6
B	shuf6	7
B	shuf6	8
T	shuf6	9
F	shuf6	10
B	shuf6	11
T	shuf6	12
T	shuf6	13
B	shuf6	14
B	shuf6	15
F	shuf6	16
F	shuf6	17
T	shuf6	18
B	shuf6	19
T	shuf6	20
B	shuf6	21
B	shuf6	22
F	shuf6	23
F	shuf6	24
T	shuf6	25
T	shuf6	26
F	shuf6	27
B	shuf6	28
F	shuf6	29
F	shuf6	30
T	shuf6	31
T	shuf6	32
F	shuf6	33
F	shuf6	34
F	shuf6	35
T	shuf6	36
T	shuf6	37
B	shuf6	38
B	shuf6	39
F	shuf6	40
B	shuf6	41
B	shuf6	42
T	shuf6	43
T	shuf6	44
F	shuf6	45
B	shuf6	46
B	shuf6	47
B	shuf6	48
F	shuf6	49
T	shuf6	50
B	shuf6	51
F	shuf6	52
F	shuf6	53
F	shuf6	54
T	shuf6	55
F	shuf6	56
T	shuf6	57
B	shuf6	58
F	shuf6	59
F	shuf6	60
B	shuf6	61
T	shuf6	62
F	shuf6	63
B	shuf6	64
F	shuf6	65
F	shuf6	66
F	shuf6	67
B	shuf6	68
B	shuf6	69
B	shuf6	70
T	shuf6	71
F	shuf6	72
B	shuf6	73
B	shuf6	74
B	shuf6	75
B	shuf6	76
F	shuf6	77
B	shuf6	78
B	shuf6	79
T	shuf6	80
F	shuf6	81
T	shuf6	82
T	shuf6	83
T	shuf6	84
F	shuf6	85
B	shuf6	86
F	shuf6	87
T	shuf6	88
F	shuf6	89
T	shuf6	90
F	shuf6	91
T	shuf6	92
F	shuf6	93
B	shuf6	94
B	shuf6	95
F	shuf6	96
B	shuf6	97
F	shuf6	98
F	shuf6	99
F	shuf7	0
T	shuf7	1
F	shuf7	2
B	shuf7	3
T	shuf7	4
T	shuf7	5
F	shuf7	6
B	shuf7	7
F	shuf7	8
B	shuf7	9
F	shuf7	10
B	shuf7	11
F	shuf7	12
T	shuf7	13
B	shuf7	14
F	shuf7	15
T	shuf7	16
B	shuf7	17
F	shuf7	18
F	shuf7	19
B	shuf7	20
F	shuf7	21
F	shuf7	22
T	shuf7	23
F	shuf7	24
B	shuf7	25
B	shuf7	26
B	shuf7	27
T	shuf7	28
F	shuf7	29
N	shuf7	30
F	shuf7	31
F	shuf7	32
B	shuf7	33
F	shuf7	34
T	shuf7	35
T	shuf7	36
F	shuf7	37
B	shuf7	38
F	shuf7	39
T	shuf7	40
F	shuf7	41
B	shuf7	42
B	shuf7	43
F	shuf7	44
B	shuf7	45
B	shuf7	46
B	shuf7	47
T	shuf7	48
B	shuf7	49
T	shuf7	50
B	shuf7	51
F	shuf7	52
F	shuf7	53
F	shuf7	54
F	shuf7	55
B	shuf7	56
F	shuf7	57
T	shuf7	58
T	shuf7	59
T	shuf7	60
T	shuf7	61
T	shuf7	62
T	shuf7	63
F	shuf7	64
F	shuf7	65
T	shuf7	66
F	shuf7	67
B	shuf7	68
B	shuf7	69
F	shuf7	70
B	shuf7	71
F	shuf7	72
B	shuf7	73
F	shuf7	74
B	shuf7	75
F	shuf7	76
F	shuf7	77
F	shuf7	78
F	shuf7	79
B	shuf7	80
B	shuf7	81
B	shuf7	82
B	shuf7	83
F	shuf7	84
B	shuf7	85
B	shuf7	86
B	shuf7	87
F	shuf7	88
T	shuf7	89
B	shuf7	90
F	shuf7	91
B	shuf7	92
F	shuf7	93
T	shuf7	94
B	shuf7	95
F	shuf7	96
T	shuf7	97
B	shuf7	98
B	shuf7	99
B	shuf8	0
T	shuf8	1
T	shuf8	2
B	shuf8	3
F	shuf8	4
F	shuf8	5
B	shuf8	6
B	shuf8	7
B	shuf8	8
T	shuf8	9
B	shuf8	10
B	shuf8	11
F	shuf8	12
F	shuf8	13
B	shuf8	14
F	shuf8	15
B	shuf8	16
F	shuf8	17
T	shuf8	18
B	shuf8	19
F	shuf8	20
N	shuf8	21
F	shuf8	22
B	shuf8	23
F	shuf8	24
F	shuf8	25
F	shuf8	26
B	shuf8	27
T	shuf8	28
F	shuf8	29
T	shuf8	30
T	shuf8	31
F	shuf8	32
B	shuf8	33
B	shuf8	34
B	shuf8	35
F	shuf8	36
B	shuf8	37
B	shuf8	38
F	shuf8	39
B	shuf8	40
B	shuf8	41
B	shuf8	42
F	shuf8	43
F	shuf8	44
F	shuf8	45
F	shuf8	46
F	shuf8	47
B	shuf8	48
F	shuf8	49
F	shuf8	50
B	shuf8	51
F	shuf8	52
F	shuf8	53
T	shuf8	54
F	shuf8	55
F	shuf8	56
B	shuf8	57
F	shuf8	58
B	shuf8	59
F	shuf8	60
B	shuf8	61
F	shuf8	62
B	shuf8	63
F	shuf8	64
F	shuf8	65
F	shuf8	66
B	shuf8	67
T	shuf8	68
B	shuf8	69
T	shuf8	70
T	shuf8	71
T	shuf8	72
B	shuf8	73
F	shuf8	74
F	shuf8	75
T	shuf8	76
F	shuf8	77
F	shuf8	78
B	shuf8	79
B	shuf8	80
F	shuf8	81
B	shuf8	82
B	shuf8	83
T	shuf8	84
B	shuf8	85
F	shuf8	86
B	shuf8	87
B	shuf8	88
F	shuf8	89
B	shuf8	90
B	shuf8	91
T	shuf8	92
B	shuf8	93
T	shuf8	94
B	shuf8	95
B	shuf8	96
F	shuf8	97
F	shuf8	98
F	shuf8	99
B	shuf9	0
F	shuf9	1
F	shuf9	2
F	shuf9	3
B	shuf9	4
B	shuf9	5
F	shuf9	6
B	shuf9	7
F	shuf9	8
B	shuf9	9
F	shuf9	10
F	shuf9	11
T	shuf9	12
T	shuf9	13
F	shuf9	14
F	shuf9	15
F	shuf9	16
B	shuf9	17
F	shuf9	18
F	shuf9	19
T	shuf9	20
T	shuf9	21
T	shuf9	22
T	shuf9	23
B	shuf9	24
B	shuf9	25
B	shuf9	26
F	shuf9	27
B	shuf9	28
B	shuf9	29
T	shuf9	30
F	shuf9	31
F	shuf9	32
F	shuf9	33
F	shuf9	34
B	shuf9	35
B	shuf9	36
B	shuf9	37
F	shuf9	38
B	shuf9	39
F	shuf9	40
T	shuf9	41
F	shuf9	42
B	shuf9	43
B	shuf9	44
F	shuf9	45
F	shuf9	46
F	shuf9	47
F	shuf9	48
T	shuf9	49
F	shuf9	50
B	shuf9	51
B	shuf9	52
B	shuf9	53
B	shuf9	54
T	shuf9	55
F	shuf9	56
T	shuf9	57
F	shuf9	58
F	shuf9	59
F	shuf9	60
T	shuf9	61
B	shuf9	62
B	shuf9	63
B	shuf9	64
F	shuf9	65
F	shuf9	66
B	shuf9	67
B	shuf9	68
F	shuf9	69
B	shuf9	70
F	shuf9	71
T	shuf9	72
T	shuf9	73
B	shuf9	74
B	shuf9	75
T	shuf9	76
B	shuf9	77
B	shuf9	78
B	shuf9	79
B	shuf9	80
B	shuf9	81
B	shuf9	82
F	shuf9	83
B	shuf9	84
T	shuf9	85
T	shuf9	86
B	shuf9	87
B	shuf9	88
B	shuf9	89
B	shuf9	90
B	shuf9	91
F	shuf9	92
F	shuf9	93
F	shuf9	94
F	shuf9	95
F	shuf9	96
B	shuf9	97
F	shuf9	98
T	shuf9	99
F	rand	0
T	rand	1
B	rand	2
B	rand	3
F	rand	4
T	rand	5
B	rand	6
F	rand	7
B	rand	8
F	rand	9
B	rand	10
F	rand	11
B	rand	12
B	rand	13
F	rand	14
F	rand	15
F	rand	16
B	rand	17
F	rand	18
B	rand	19
B	rand	20
B	rand	21
B	rand	22
B	rand	23
F	rand	24
F	rand	25
F	rand	26
B	rand	27
F	rand	28
B	rand	29
B	rand	30
F	rand	31
F	rand	32
F	rand	33
B	rand	34
B	rand	35
B	rand	36
B	rand	37
F	rand	38
F	rand	39
F	rand	40
B	rand	41
F	rand	42
T	rand	43
F	rand	44
F	rand	45
F	rand	46
F	rand	47
B	rand	48
B	rand	49
F	rand	50
F	rand	51
T	rand	52
F	rand	53
T	rand	54
F	rand	55
B	rand	56
B	rand	57
T	rand	58
T	rand	59
F	rand	60
T	rand	61
F	rand	62
T	rand	63
F	rand	64
B	rand	65
F	rand	66
T	rand	67
B	rand	68
F	rand	69
B	rand	70
B	rand	71
T	rand	72
F	rand	73
B	rand	74
B	rand	75
B	rand	76
F	rand	77
T	rand	78
F	rand	79
B	rand	80
F	rand	81
B	rand	82
B	rand	83
F	rand	84
F	rand	85
B	rand	86
F	rand	87
F	rand	88
F	rand	89
B	rand	90
B	rand	91
B	rand	92
B	rand	93
F	rand	94
F	rand	95
F	rand	96
B	rand	97
T	rand	98
B	rand	99
F	rand	100
F	rand	101
F	rand	102
B	rand	103
F	rand	104
F	rand	105
B	rand	106
T	rand	107
B	rand	108
F	rand	109
F	rand	110
F	rand	111
T	rand	112
T	rand	113
F	rand	114
T	rand	115
F	rand	116
F	rand	117
F	rand	118
B	rand	119
T	rand	120
T	rand	121
T	rand	122
F	rand	123
T	rand	124
B	rand	125
F	rand	126
F	rand	127
F	rand	128
T	rand	129
F	rand	130
F	rand	131
T	rand	132
B	rand	133
F	rand	134
F	rand	135
T	rand	136
B	rand	137
T	rand	138
F	rand	139
F	rand	140
F	rand	141
F	rand	142
B	rand	143
B	rand	144
F	rand	145
F	rand	146
F	rand	147
B	rand	148
B	rand	149
F	rand	150
T	rand	151
F	rand	152
T	rand	153
F	rand	154
F	rand	155
T	rand	156
B	rand	157
F	rand	158
T	rand	159
F	rand	160
B	rand	161
F	rand	162
F	rand	163
B	rand	164
F	rand	165
F	rand	166
F	rand	167
F	rand	168
F	rand	169
B	rand	170
B	rand	171
F	rand	172
F	rand	173
T	rand	174
B	rand	175
B	rand	176
B	rand	177
T	rand	178
F	rand	179
F	rand	180
B	rand	181
B	rand	182
B	rand	183
B	rand	184
F	rand	185
F	rand	186
B	rand	187
F	rand	188
F	rand	189
F	rand	190
F	rand	191
T	rand	192
F	rand	193
F	rand	194
F	rand	195
F	rand	196
F	rand	197
F	rand	198
B	rand	199
B	rand	200
T	rand	201
F	rand	202
B	rand	203
B	rand	204
B	rand	205
B	rand	206
T	rand	207
B	rand	208
F	rand	209
B	rand	210
F	rand	211
F	rand	212
B	rand	213
F	rand	214
F	rand	215
F	rand	216
F	rand	217
B	rand	218
F	rand	219
B	rand	220
F	rand	221
T	rand	222
B	rand	223
B	rand	224
T	rand	225
F	rand	226
F	rand	227
B	rand	228
F	rand	229
F	rand	230
T	rand	231
F	rand	232
T	rand	233
T	rand	234
B	rand	235
F	rand	236
B	rand	237
T	rand	238
B	rand	239
F	rand	240
F	rand	241
B	rand	242
F	rand	243
B	rand	244
B	rand	245
B	rand	246
T	rand	247
T	rand	248
B	rand	249
F	rand	250
F	rand	251
F	rand	252
B	rand	253
F	rand	254
F	rand	255
F	rand	256
B	rand	257
B	rand	258
F	rand	259
T	rand	260
F	rand	261
F	rand	262
T	rand	263
F	rand	264
B	rand	265
F	rand	266
B	rand	267
F	rand	268
F	rand	269
F	rand	270
F	rand	271
F	rand	272
F	rand	273
B	rand	274
F	rand	275
F	rand	276
T	rand	277
F	rand	278
B	rand	279
B	rand	280
B	rand	281
B	rand	282
B	rand	283
B	rand	284
B	rand	285
B	rand	286
B	rand	287
T	rand	288
B	rand	289
T	rand	290
B	rand	291
B	rand	292
F	rand	293
B	rand	294
F	rand	295
F	rand	296
B	rand	297
B	rand	298
T	rand	299
F	rand	300
B	rand	301
F	rand	302
F	rand	303
F	rand	304
F	rand	305
F	rand	306
T	rand	307
F	rand	308
B	rand	309
F	rand	310
B	rand	311
F	rand	312
T	rand	313
B	rand	314
B	rand	315
B	rand	316
B	rand	317
F	rand	318
B	rand	319
F	rand	320
B	rand	321
F	rand	322
F	rand	323
T	rand	324
B	rand	325
F	rand	326
B	rand	327
F	rand	328
F	rand	329
F	rand	330
F	rand	331
B	rand	332
B	rand	333
F	rand	334
F	rand	335
B	rand	336
B	rand	337
T	rand	338
B	rand	339
B	rand	340
F	rand	341
F	rand	342
F	rand	343
F	rand	344
F	rand	345
F	rand	346
B	rand	347
B	rand	348
B	rand	349
F	rand	350
F	rand	351
B	rand	352
F	rand	353
F	rand	354
F	rand	355
T	rand	356
F	rand	357
F	rand	358
F	rand	359
F	rand	360
F	rand	361
B	rand	362
B	rand	363
B	rand	364
F	rand	365
B	rand	366
F	rand	367
B	rand	368
B	rand	369
T	rand	370
B	rand	371
F	rand	372
B	rand	373
F	rand	374
F	rand	375
F	rand	376
T	rand	377
B	rand	378
F	rand	379
B	rand	380
F	rand	381
B	rand	382
F	rand	383
F	rand	384
F	rand	385
B	rand	386
T	rand	387
F	rand	388
B	rand	389
B	rand	390
B	rand	391
F	rand	392
F	rand	393
B	rand	394
T	rand	395
B	rand	396
B	rand	397
B	rand	398
F	rand	399
F	rand	400
B	rand	401
B	rand	402
T	rand	403
F	rand	404
B	rand	405
B	rand	406
B	rand	407
F	rand	408
B	rand	409
B	rand	410
F	rand	411
B	rand	412
B	rand	413
B	rand	414
F	rand	415
F	rand	416
B	rand	417
B	rand	418
F	rand	419
B	rand	420
B	rand	421
F	rand	422
F	rand	423
F	rand	424
B	rand	425
T	rand	426
F	rand	427
F	rand	428
B	rand	429
B	rand	430
F	rand	431
F	rand	432
T	rand	433
B	rand	434
B	rand	435
F	rand	436
B	rand	437
B	rand	438
F	rand	439
F	rand	440
F	rand	441
F	rand	442
T	rand	443
F	rand	444
F	rand	445
F	rand	446
B	rand	447
F	rand	448
T	rand	449
F	rand	450
B	rand	451
F	rand	452
F	rand	453
B	rand	454
F	rand	455
B	rand	456
F	rand	457
T	rand	458
B	rand	459
B	rand	460
B	rand	461
T	rand	462
F	rand	463
F	rand	464
F	rand	465
F	rand	466
F	rand	467
T	rand	468
F	rand	469
B	rand	470
B	rand	471
B	rand	472
B	rand	473
F	rand	474
B	rand	475
F	rand	476
F	rand	477
F	rand	478
T	rand	479
F	rand	480
F	rand	481
F	rand	482
F	rand	483
F	rand	484
T	rand	485
B	rand	486
T	rand	487
T	rand	488
F	rand	489
F	rand	490
B	rand	491
F	rand	492
B	rand	493
T	rand	494
B	rand	495
F	rand	496
T	rand	497
B	rand	498
B	rand	499
